Id,Name,Email,Age,Address,Phone,MonthlyIncome,EmploymentStatus,EmploymentDuration,NumberOfDependents,MaritalStatus,EducationalBackground,HomeOwnershipStatus,Nationality,Dob,Sex,IdNumber,DocumentNo,Height,PlaceOfIssurance,Tin,BankName,AccountHolder,AccountNumber,Network,MobileNumber,LoanAmount,LoanStatus,LoanTerm,LoanPurpose,NumberofPreviousLoans,NumberOfRepaidLoans,NumberOfDefaultedLoans,NumberOfLatePayments,AverageLoanAmount,TotalAmountOwed,AverageInterestRateOfPreviousLoans,TimeSinceLastLoan
37,Matthew James,Matthew James@test.com,1,East Legon,9098848520,750,true,1,24,false,vavDVlqgCAfCkShMASZDIdKBk,false,Ghanaian,WxweNTfHGmXSlkJcLlfTrOIVZ,Female,GHA4500378911,6625003,97,Kasoa,5242523813,Standard Chartered,Matthew James,612926525812698,AT,1579409843,5000,false,2,rftOOULohRVZuAGiesQsxCrhS,3,47,10,21,4000,8000,44.740582,5
46,Donald Barbara,Donald Barbara@test.com,41,Tema,3291128101,5500,false,93,56,false,TcAVDMfufWWUnHMEQeYcpByVu,true,Nigerian,AABoKdswlllcThaLADlQgiPVK,Male,GHA8884114212,2342054,29,East Legon,3394445811,ABSA,Donald Barbara,858116044127611910,Mtn,7480621557,4000,false,35,KwHhOTkVDbVOQUAWOyiXQIIMa,19,32,0,22,2000,1000,77.351051,47
14,Steven Michael,Steven Michael@test.com,58,Kasoa,5690977897,1500,true,61,61,false,qAjRQVGaTJlmrTYYZXaaDCaKU,true,Ghanaian,ZDgvHRGBXnqglWCWuuXKPDtOB,Female,GHA4314921377,4742012,45,East Legon,6180957504,ABSA,Steven Michael,99414126521204113,Mtn,6908791331,10000,false,70,HZnsOOTIVfkVgNNhoIlSeppjc,71,62,3,26,7500,5500,50.082645,54
88,Richard Patricia,Richard Patricia@test.com,44,Tema,4888308914,7000,true,90,15,true,eyeeyQClSaRtaflAsEWJZHKxh,true,Nigerian,tPBrKUchNXFQSViWQwcESTaDB,Female,GHA0698825235,4772454,21,Weija,5812769827,Standard Chartered,Richard Patricia,51314631276291112,Mtn,8736595701,900,false,17,VsbYmYMbXNUkNIZLQLQMXUsFi,65,17,7,55,4000,5500,5.734908,30
97,Mark Charles,Mark Charles@test.com,74,Tema,3964303782,3500,true,37,2,true,nSYDvURHKjUZOmHfYtWFphyeL,false,Ghanaian,wmZmwqjNauKoAFoqpQKIYePIQ,Female,GHA8563469074,2478036,88,Weija,2801583737,ABSA,Mark Charles,973486103171424,Mtn,3763538259,7500,true,66,MlXrUxiVjVAYWfjMiknGPWAbF,9,27,93,25,7000,1500,61.366470,5
8,Linda Robert,Linda Robert@test.com,78,Tema,6802859868,2000,true,45,45,true,eUwbEDFrGDdXhamsrhrqXGcGF,true,Ghanaian,lNCRiPoQFTtASEqoqCZILSeXw,Male,GHA7106011306,6787060,57,Legon,3308702679,Standard Chartered,Linda Robert,7112874217279413,Vodafone,6004367154,750,false,15,ylhPSEWHdklTfFGxCRtUjsDDT,76,45,33,89,8500,8000,27.860264,56
74,Paul Daniel,Paul Daniel@test.com,78,Tema,3368305819,7000,false,17,83,false,pBMWWcFrNtopymnPJGmgvPLxM,false,Ghanaian,FpRFPewwpquVihItaBHNFhfRZ,Male,GHA7493899245,3894014,16,Legon,7583475763,Fidelity Bank,Paul Daniel,106111111071122601,Vodafone,5157698057,9000,false,53,YDSxoKfGaCZigVPtJadmbhJTB,57,97,30,40,7000,2000,40.272236,77
85,Anthony Jennifer,Anthony Jennifer@test.com,51,Kasoa,1628670611,5500,false,86,99,false,hGIpujZgxSuEeDLCWxrBjLlBK,true,Nigerian,SwSEucvjUdFrhRGxBcsfMxqCw,Male,GHA1278978060,1324956,6,Tema,1618212794,Stanbic Bank,Anthony Jennifer,12039750135271209,Vodafone,6785030971,1500,true,67,ZGTudTbPgSxTwgJXJbXbVTeKM,25,29,32,76,4500,8000,60.825691,17
79,John Kenneth,John Kenneth@test.com,74,East Legon,0625005365,9500,true,16,85,true,jypaoSXYIvRGhSHXXixKmVaPw,true,Nigerian,HfeIUYeDVsKsEbelrPVpKRZDX,Male,GHA8491217516,7726597,69,Weija,3214491310,Standard Chartered,John Kenneth,531111305370101312,AT,2388186618,900,true,86,yEDoqnNapEZKyyDrGYZxgSfjB,22,39,62,59,3500,900,0.442046,39
11,Anthony Andrew,Anthony Andrew@test.com,82,East Legon,4255828079,6500,false,98,33,true,qJlXGhETpVLfEcsLsTcVGetHd,false,Ghanaian,GwYmgWZxbyApVNfIODnAPqoOk,Male,GHA6849489060,8969401,13,Kasoa,6842846361,Fidelity Bank,Anthony Andrew,113271212084101381213,Mtn,0403903217,1500,true,56,rfMrUkBJOIjkQKGSlNmmFXcZv,53,35,14,91,5000,4500,96.302933,86
88,Daniel Matthew,Daniel Matthew@test.com,59,Legon,0848907563,750,true,10,41,false,AZtwSwFhqUpTxhRHiGqReuXRH,false,Ghanaian,inYVeWWmQDAbMbQngtAqXpIkg,Male,GHA0109728502,3683138,52,Legon,6630381756,Stanbic Bank,Daniel Matthew,510361200375571211,AT,5750089431,2000,false,79,HlXMBFnhcvSXrfeCGbCZGiiqi,5,29,49,49,1500,8000,62.831745,14
14,Kenneth Paul,Kenneth Paul@test.com,74,East Legon,5073830492,9000,false,8,25,true,emUdymetIogsXkhjDdEbvOFsp,true,Ghanaian,OLTtrZXRqaZaKMIwYxSbbbFMD,Female,GHA3572844855,0805050,32,Legon,5317089834,Fidelity Bank,Kenneth Paul,118106131025711871010,Vodafone,8147143042,7500,false,32,dQHlqZbmpAYCfZEyZQXbtUrCo,27,83,96,4,4500,900,58.879616,19
23,Joseph Kenneth,Joseph Kenneth@test.com,92,Tema,0633049538,9000,false,28,71,false,bvWxExhIkEkcDVPfVQcqorpXD,true,Nigerian,HlywuSnaHnnYkhZiTTrGFGaaP,Male,GHA3470727048,8121110,71,East Legon,3505027786,Standard Chartered,Joseph Kenneth,1055511127121137468,AT,5255226129,3000,true,18,XLqOjjTfYSZRefgERgMcOWocV,18,11,6,36,7000,9000,52.091324,85
36,Thomas Daniel,Thomas Daniel@test.com,46,Weija,6332785602,1000,true,84,70,false,svdyWHkWOSFidxbOgaCIZANKH,true,Nigerian,CLocbiaxkReLJwiHSrpZBwSLi,Male,GHA1087146210,3103801,28,East Legon,1368590004,EcoBank,Thomas Daniel,1211121312126439113,Vodafone,3029896146,8000,true,25,MjhIvKjyAcxyZjdAZeYCaaNGG,45,31,42,2,3500,8000,63.537121,82
86,Barbara James,Barbara James@test.com,55,Legon,7479085472,900,true,31,88,true,aQpQJDDbANJegtBolTaAsRUDi,true,Ghanaian,yQhFoBFDydmEXGJeNMPhxwZcK,Female,GHA8588217892,7341194,58,Kasoa,6214552613,Fidelity Bank,Barbara James,12111150212711132902,Vodafone,1070681803,9000,true,40,ItjLqQyMOyRafGkoyDsZliUxw,10,50,68,88,8500,5500,77.620110,95
34,Donald Jennifer,Donald Jennifer@test.com,34,Legon,8630092785,6000,false,50,18,true,kjfirRRZFjsufiOWUlfExXare,false,Ghanaian,CROunqxnHJmMrTbKsVJjixJdp,Male,GHA6655347813,1441604,24,Legon,3393029249,Stanbic Bank,Donald Jennifer,137541396111394105,Mtn,7507013271,2500,true,44,RRSCSmrUMuMZNsCtoaVfqJNYB,93,66,10,76,2000,4500,8.729096,42
28,Linda Elizabeth,Linda Elizabeth@test.com,73,Tema,4030197162,1000,false,84,99,true,ZLfpjwZuyvtodgQOTCxmKTkQh,false,Ghanaian,XjisYJWWMhJFDEJxqjanevFMX,Male,GHA8445382713,1539247,47,East Legon,2159059305,Fidelity Bank,Linda Elizabeth,11210812310191331413,Vodafone,3606483069,2000,true,16,escntCusbKoipHYKIxEHLhPsh,82,62,77,20,6500,4500,87.773460,18
33,Mark John,Mark John@test.com,37,Kasoa,7671849848,10000,false,54,71,false,AGfacrQZaUWuuFgYSKDydECpP,false,Nigerian,WMffQbedMRmxIMpRoHMBxYXPX,Female,GHA7270976475,4638646,91,Kasoa,1583372553,Stanbic Bank,Mark John,1171195389700796,Vodafone,6894284390,3000,true,97,DKLYtOmWJCtebMDYYRlbiBHYA,51,16,63,45,900,6500,12.393870,20
77,Donald John,Donald John@test.com,66,Weija,6570988400,5500,false,63,3,false,qbOInSyyflVfxZwiaKxdGnlSB,false,Nigerian,raMCalkIwoFjwmUAIyBHYNmLa,Female,GHA8057846475,6030653,14,Tema,1055737710,Stanbic Bank,Donald John,9569693045136612,Vodafone,1009848448,5500,true,90,RHQIsCgEjQVbtXEwtUYjGbJAG,48,42,19,76,6500,4000,27.936274,67
34,Charles John,Charles John@test.com,88,Tema,8156506848,8000,false,42,4,true,uJmFSCvBCKfMIHVEuPqXxaSXc,false,Nigerian,cuPCPrKbmCUsABwdDsqjNRecR,Male,GHA5731309216,9261620,65,Weija,9788425938,Stanbic Bank,Charles John,41311611110810112910,Vodafone,8471177437,7500,true,43,AhgHDOlFfkPpQVMSAFfKJdMMA,46,28,41,6,8000,750,15.401344,18
30,Daniel Matthew,Daniel Matthew@test.com,91,Tema,5572808889,8000,false,36,19,false,EmWaUqorlDgtYVsdDRTPbpFol,false,Ghanaian,wsXhGmOoKDrfeuCrUouscrDsn,Male,GHA7654753798,3546269,41,Legon,2158403070,ABSA,Daniel Matthew,211295112104137500,AT,1216315998,6500,false,34,PhdxxYgeOBauKdehDQcitrbbX,32,70,72,76,3000,3000,6.815468,46
65,Patricia Donald,Patricia Donald@test.com,7,Legon,1948483014,6500,false,0,5,false,jBjCGnePRyAMfcPfudnhPIkFa,true,Ghanaian,UtjcLCnBcLnahHimFdUXtQfel,Female,GHA5771370649,5318971,1,Legon,4086727892,Standard Chartered,Patricia Donald,131110152089211357,Mtn,6566323281,10000,true,4,kuRSjFlaCECtGuKlIllZcqxUQ,6,35,98,16,2500,6000,54.554764,19
78,Jennifer Kenneth,Jennifer Kenneth@test.com,88,East Legon,0163115710,6000,true,59,32,true,rvUgyRjDOdZwCOaJSDhheQbtH,false,Nigerian,uCCmWrvHmtnUZXnWQiIpMeAqe,Female,GHA6964772297,2407339,28,Kasoa,3550731406,Standard Chartered,Jennifer Kenneth,0611021109912211110,Mtn,5015885049,5500,true,13,RPBMWUTfQhRsxPFYiyjkaNhwP,98,83,53,27,1000,9000,83.627190,80
60,Robert Jennifer,Robert Jennifer@test.com,39,Tema,5542207796,2000,false,68,44,false,FVptAWvFfQYULuWxdEvjpggty,true,Nigerian,DokeIOjvbZdXKdOtHvTmOCuID,Female,GHA4271449956,4642422,63,Weija,4665100450,Stanbic Bank,Robert Jennifer,08111334121283708,Mtn,9440015858,3500,false,74,qGYZrtuLmlBRdknCgvJDRZTQV,13,8,75,20,4500,3000,7.130731,71
25,Joseph Barbara,Joseph Barbara@test.com,95,Legon,8100840220,750,false,72,78,false,NgDrAgwUixQJkLPFtfhAJPVIw,false,Ghanaian,mepiDjtfPKIBZqfhAogxkVPfF,Female,GHA1499864353,1191939,47,East Legon,4360652631,ABSA,Joseph Barbara,111813157227511119,Mtn,8410666246,750,true,56,RpSGcAbDBjvsJDnHDlxuywNPQ,56,17,71,54,9000,8000,30.888103,46
77,Barbara Joseph,Barbara Joseph@test.com,72,East Legon,8067958242,8500,true,52,85,true,OShueelyeVhuYPfnsiUJLfqyA,true,Ghanaian,lXsCMLbooHYvFGIiMWYmiqiTD,Male,GHA4800749489,8913332,9,Kasoa,4499202615,EcoBank,Barbara Joseph,131132851165132579,AT,5941863174,900,false,94,BxmdfRYVXiDrFRnCrbfSFGOjU,41,21,16,44,6500,3000,66.474747,72
60,Daniel Michael,Daniel Michael@test.com,11,Tema,8719621026,9500,true,53,30,false,lnNjGqhOkqkKEAnSBVOuOXBxM,true,Ghanaian,aDlvslAtEfdgLriAyMldycjFZ,Male,GHA7478816020,8441191,39,East Legon,1530777992,Stanbic Bank,Daniel Michael,10776512115132121121,AT,5311750890,2000,false,64,RcGAjuNyrujAqAtXdhoEhkYSi,26,80,37,1,9500,5500,74.761551,45
51,Thomas Andrew,Thomas Andrew@test.com,53,Weija,9451215469,5500,false,32,21,true,XkWwJmQGeWtBXdWkqywpXFqcq,false,Ghanaian,hQdTAsfNmjtDGbFjEZOiLkuTe,Female,GHA7760904028,8933825,4,Tema,7929670570,EcoBank,Thomas Andrew,0748105720910250,Vodafone,8281865340,7500,true,64,XYatHiwkgfAPksxxZCUvIcmBU,95,95,51,13,7000,8000,82.833549,95
71,Barbara Matthew,Barbara Matthew@test.com,28,Legon,7920608241,8000,true,13,76,true,nbdZIocghiVIounAdVHXgIMhq,false,Nigerian,NMoVFDWUeYYbcpSLZuYZBpHZV,Female,GHA8574478113,8020571,25,Kasoa,5882612283,Fidelity Bank,Barbara Matthew,312601071113127461013,Mtn,3569455721,750,true,61,tRINetlIJgkNkXmipjrvYBAty,16,87,79,60,3500,5500,96.313469,80
1,David Richard,David Richard@test.com,77,Weija,9524215544,4000,false,23,28,true,thdNqKFsRJGYDtPaEvlpEMFXl,true,Ghanaian,xDTHQVdDCXnOuvVKwyarlrkIr,Female,GHA6889350568,1567931,76,Tema,7050594529,Fidelity Bank,David Richard,13976121591260159,Mtn,5726723246,6500,true,61,CwoaJFgAbvDKDaPDDgKYZBKQc,64,19,66,92,2500,5000,14.247829,75
19,James Paul,James Paul@test.com,19,Legon,9938834538,750,false,27,83,false,KjDYyQOijMMhkKnQkKQbfXngL,false,Nigerian,XuQmExrfxTQogYxmSbbSyAMYa,Male,GHA7613865521,0926840,68,Kasoa,7075817794,EcoBank,James Paul,1027061287121047,Mtn,9057299509,7500,true,34,igCsNJuuounCjDbchNmJwlITu,81,85,87,86,4000,2000,45.842541,34
43,Richard Linda,Richard Linda@test.com,54,Kasoa,1993335230,1500,false,53,33,true,RLFjxPmoNECSfKRaUHALMiBCO,false,Ghanaian,gDmSuBxTDSTBcnUqdYtfwmUXJ,Male,GHA3471816970,3387100,16,Kasoa,5505239888,EcoBank,Richard Linda,610081251111533231,Mtn,1771295705,3000,true,13,GKllKptkXwybkVjQYIWhXZkyc,43,76,84,21,7500,7000,97.980995,43
10,Barbara Andrew,Barbara Andrew@test.com,78,Weija,1854178220,4500,false,73,48,true,vnBXostKtsYkAShOZkaxxkCmj,false,Nigerian,sFbECZufxVSDEguEVcdenoEpM,Male,GHA2287093234,6087830,58,Weija,6454695089,Fidelity Bank,Barbara Andrew,10107290528430011,AT,6419115555,9500,false,78,uLWqdmkywNWeFWpYuoUQWqiif,77,34,56,84,900,1500,39.529308,28
27,Mark Robert,Mark Robert@test.com,23,Tema,7779572411,750,true,60,23,true,jJCrGsvwBFljMErWqVeKohuVa,true,Nigerian,OdBVNLjlknNaxmOOdsUTHKfJD,Female,GHA0614283631,6996647,66,Kasoa,9412529952,EcoBank,Mark Robert,12821131266126256,Mtn,4883054461,5000,true,71,IePyWadfYjsrSrljGckorntOr,89,12,97,65,8500,3000,42.523518,21
39,John Mary,John Mary@test.com,52,Weija,0062084289,6000,true,99,84,true,sKiiPbLTIXbVeOATsAKvCDPcK,false,Ghanaian,CaOCjBOBiVjpUCjqmLjcDfLWr,Male,GHA3834459445,8586400,2,Legon,0540913362,Standard Chartered,John Mary,10111210131391131111587,AT,4622480410,6000,false,47,TaEfdiZBipcBBrIjSfBkakwCw,20,33,82,32,2000,6000,71.433144,30
37,Linda Charles,Linda Charles@test.com,25,Kasoa,6779600897,10000,true,85,29,false,fWcgTkmLrdlHHrbitSDADayDT,true,Ghanaian,PEYwGxCxqpWFmZehJPimKwNoW,Male,GHA7154224278,0885235,50,Kasoa,0329631776,Stanbic Bank,Linda Charles,1061366906612226,AT,8693725565,7000,false,28,IjETQcAktCXQjPcdHQPmEyqLT,67,96,28,36,6500,7000,65.122391,47
96,Kenneth Susan,Kenneth Susan@test.com,95,Tema,8664692614,750,true,51,90,true,BQtyOLnqPZxvtrttctZMOycoU,false,Nigerian,vfOURtolXFVASBpQOyqoeULZU,Male,GHA0468089348,6105467,95,Kasoa,8239953707,Stanbic Bank,Kenneth Susan,86891311760123856,AT,0317458940,5000,false,63,AsLgukMjknfmbesLETRXOLQNu,77,81,88,7,9000,1000,12.115007,71
48,Daniel Paul,Daniel Paul@test.com,68,East Legon,5369360998,9500,false,25,0,true,FyXrSTEAFfvMWKHAjttpFKtac,false,Ghanaian,IFASidiggEopuyNWQlckfCJKU,Female,GHA0554042091,5794776,46,Weija,6837213319,ABSA,Daniel Paul,333122127013371,AT,2306924727,6500,true,32,oienxdsLFcoAYCfBYVJUKliue,59,3,77,0,7500,3000,0.476750,9
33,John Matthew,John Matthew@test.com,82,Weija,6916121270,750,true,3,14,true,RUEomYfHBCwKwmWZbjyVxcYxF,true,Nigerian,ivXfvIKwOEgrOEBAXmTSTAiNf,Female,GHA4200822812,9891754,60,East Legon,0475773819,Standard Chartered,John Matthew,138911108061097565,AT,1899212349,6000,false,45,HlehLROMtkOwALpxtLkNqEXeI,63,0,12,38,9500,7500,17.760460,94
22,Andrew Steven,Andrew Steven@test.com,39,East Legon,2377346233,1500,true,36,9,false,ilfnoJSLuxKuhNMNFCRXHXgGK,false,Ghanaian,hXMWVROpuAJWLwRWVvPdYnjvs,Female,GHA3459029508,8321305,52,Legon,6470913398,Stanbic Bank,Andrew Steven,67041313281541227,Vodafone,7558701479,5000,true,36,rAArbFQdryRWSHMJdaPItPWTi,10,34,48,63,8500,4500,41.307884,65
79,Susan James,Susan James@test.com,20,Weija,4695301245,5000,false,1,13,false,hASAAwihHWghDQNOPGRvHaHoy,true,Ghanaian,kQYgKEaqUcWrTRaNhWHFYCPFe,Male,GHA9188095082,3586450,8,Weija,1743699315,EcoBank,Susan James,9112413128864121274,Mtn,1917860740,900,false,74,SvAfMQakifADHIKPkOnGaflvl,27,27,46,40,900,2500,14.028101,94
15,David Andrew,David Andrew@test.com,80,Tema,4127808423,5500,true,60,71,false,PcxwJEVDSNnpTvmBqRqPbPeKp,false,Ghanaian,XKuhTFkZIGihfuBjthNtdhZRy,Male,GHA3817300916,0459092,13,Tema,6580550806,Stanbic Bank,David Andrew,281271690029661,Vodafone,1715437227,9000,false,66,mVAovrpdbKhGEymiPfxSjxXWZ,19,94,31,60,6000,900,15.427097,30
86,David Paul,David Paul@test.com,20,Kasoa,3161223035,8500,true,89,55,true,XZsRfBtJExhodNpKkNqEIMIdi,false,Nigerian,ICxZEaaNPFcyjdgxLQLwvNfXd,Female,GHA2273834674,1731228,61,East Legon,6917097452,Stanbic Bank,David Paul,11101381232101721263,Vodafone,6193035777,8000,true,51,ljsUSvFkGBrXEaKwVjttTtfxP,39,46,2,14,9500,7000,51.026974,75
81,Thomas Patricia,Thomas Patricia@test.com,96,East Legon,0065974727,3000,false,52,21,false,pusVBKNSAwugOltxMPIfJIRCX,false,Ghanaian,QUqNAuKyqTPFCilyCbuAHYmfN,Male,GHA9445511382,3820636,72,Weija,1197926713,Fidelity Bank,Thomas Patricia,7460210665129136,Mtn,0198145377,3500,false,45,GWmprctlGWmAgZZEgqwPCPyKU,54,30,26,52,5500,4000,38.004681,86
20,Mary John,Mary John@test.com,75,Weija,0868601446,2000,false,52,55,true,yRXshRNtrbKTYKSWeoTcjqpbA,false,Nigerian,bpEpdatSSpKHvmaQlIIwaehVq,Female,GHA6393875886,1216481,42,Weija,0614501482,Standard Chartered,Mary John,127513507431241148,AT,5537410433,750,false,56,HjdjqcDmhcinvdgTSsRvLSjDR,30,96,13,21,4000,6500,32.786842,38
21,Donald Michael,Donald Michael@test.com,63,Kasoa,5112054484,4000,true,92,31,false,MrhiSbSInosUsRlymoxIsfJOj,true,Ghanaian,XuxvOoMNjpYnObDyfwVaqQeXX,Female,GHA2638081839,3746141,56,Legon,9892384499,Fidelity Bank,Donald Michael,921061000110613563,AT,1883844573,6500,false,75,uxWnPcvYpLxyUKwioYJhAcGZS,46,39,16,62,6000,1000,48.810379,24
99,Christopher Matthew,Christopher Matthew@test.com,52,Kasoa,5690777305,2000,false,26,56,true,hYJCoWZeOrtyRDDHYIxeeLckW,true,Ghanaian,PfKUlDMjOsYMAWQCAeTCPYXCh,Male,GHA4680651454,6432533,60,Tema,4308136366,EcoBank,Christopher Matthew,4542111011870413134,AT,5103474897,4000,false,19,fhMXitOlhmvuqLjcPFhnhkAiw,78,82,43,57,1000,4000,68.793785,62
41,David Charles,David Charles@test.com,29,Weija,1116753939,2500,true,76,57,false,auYmlsHFDluWovDtTWBcdSWmb,false,Ghanaian,YUhfaOrQInWpeDbGWSxmMKbaT,Male,GHA2446351756,3748070,88,Legon,4524551108,Fidelity Bank,David Charles,68057512781216211,AT,5930778846,5000,false,31,QvPeHfRdQOMDnBPDjdciGRYpe,34,7,26,30,8000,5000,74.762169,17
33,Patricia Barbara,Patricia Barbara@test.com,29,Tema,7785543741,10000,false,71,80,true,ZSaxVOXfqaCrfwfAeSHxNOZtP,true,Ghanaian,MmULFmAGkrdkeTSiMQwIrySVI,Female,GHA2146193602,3187397,34,Weija,6580427332,Stanbic Bank,Patricia Barbara,10305903086811124,AT,8562566094,3000,true,41,yvUhJWFghXuIbovXvtBMcVXsF,88,37,60,12,4500,750,56.964214,18
45,Kenneth Jennifer,Kenneth Jennifer@test.com,70,Kasoa,1025192565,3500,false,51,18,false,qYVfGVELQughGnouQJsEYIbli,false,Nigerian,QEshsoHYqymqFGJRkZJsQBDkL,Male,GHA3369399694,3084275,90,Legon,7721800827,EcoBank,Kenneth Jennifer,4100843413101351236,Mtn,8167717309,8000,true,73,AShMvwagNxGsvQWGrGLrcZqfN,24,68,18,90,4500,2500,56.107937,28
0,Joseph Patricia,Joseph Patricia@test.com,24,East Legon,8766049529,9000,false,63,15,false,aLhShGfINaPuWunTfIdNTtEhu,false,Nigerian,CXLDSmFSwhfsTHjfaJSfWtFwF,Female,GHA1881329293,9718658,23,East Legon,1155696578,Fidelity Bank,Joseph Patricia,12791245718711711,AT,6233799279,3000,true,61,PKfSdxNyCCpJGnwZfQEKHJGBi,73,7,89,32,9500,6500,82.051651,81
88,Elizabeth Steven,Elizabeth Steven@test.com,3,East Legon,2209298221,2500,false,39,86,false,JWwuWXECFOoRNNtisLGDrkuVx,true,Nigerian,eVnaIWbpceIMhGjkctlsCCQiI,Male,GHA5649603720,3371568,56,Tema,2210698691,Standard Chartered,Elizabeth Steven,8591812111121189611,Vodafone,1934919692,9000,false,14,ZgPkWoOAIKrTTndQjqtvhVoXG,62,60,7,29,5500,5500,35.849110,32
57,Susan Paul,Susan Paul@test.com,33,Legon,2676268944,8500,false,11,69,true,uyiTrHFccLGGwDURTATanRsTy,false,Nigerian,cOsaoHxTHmuublnXVdoaentQi,Male,GHA9019610609,5941685,91,Legon,0174688641,Stanbic Bank,Susan Paul,10131930139177111,AT,2433806471,6000,true,60,VjkLFenaMUqalvOCOhYwLicPh,42,85,39,87,6500,4500,12.514086,58
87,Thomas Thomas,Thomas Thomas@test.com,78,East Legon,8001688382,7500,false,77,55,false,dufTUkfYFvbRTCoageQKxJciJ,false,Nigerian,ZnvsKnhuOvrbbmLpuYPxUNlgW,Female,GHA8003712771,0666101,21,Legon,3916961280,Standard Chartered,Thomas Thomas,102757843136741112,Mtn,5295582921,9000,true,44,XJxvySSTTRxVshZdLWKRnXCwb,5,40,52,13,9000,7500,22.632902,77
67,Patricia Barbara,Patricia Barbara@test.com,49,Weija,1676595267,4000,true,29,60,true,oBHspYbqtqCTwKhNtGoiZLcmx,true,Nigerian,tlEpVeHvGGiYARtdDdbbLGJQf,Female,GHA7681596700,6375705,76,Kasoa,5287277348,EcoBank,Patricia Barbara,38211461082112503,Mtn,8898851569,3500,false,53,rtFmPMmerIXYxKWsdercklvpl,94,65,33,78,900,5500,61.971760,60
66,Charles John,Charles John@test.com,1,Weija,8578057317,3500,true,70,58,true,clPUAFYLoqxmiWlPerWBkQPfP,true,Ghanaian,XBUvdppQjBwhtmktaeBXyusTk,Female,GHA2846660577,0977837,51,Kasoa,1029324717,Fidelity Bank,Charles John,7110119505461259,Vodafone,1592424950,9500,true,21,NoohBsXFaTaqDduVNjbCNbPGo,19,29,14,84,2500,6000,57.069595,53
88,Susan Paul,Susan Paul@test.com,47,Tema,9164223984,8500,false,20,80,false,bixpRDJsrcvcJYOKNkYQqifgD,true,Ghanaian,WMfxDLlSKnJDqTMJhCLRjVoCx,Female,GHA3427795792,9923639,28,East Legon,5413841177,ABSA,Susan Paul,12761076587123943,Vodafone,3119035699,9500,false,4,TBJqPGMQRBfHDZQxkUneyvOOI,57,69,58,6,6000,1500,79.558624,81
89,Barbara Richard,Barbara Richard@test.com,48,Tema,3004547219,900,true,57,93,true,cLGcsrjeeUVZKZywurKlBDheo,true,Nigerian,iAseTfSKSYPURehLULcfRFXsE,Male,GHA3541993021,4562820,14,Legon,7623280193,EcoBank,Barbara Richard,31167031114691102,Mtn,9400059355,6000,true,33,CHtTaGTrVsdjeMLoPilPhiweh,49,76,57,10,7000,4500,83.959442,86
64,Paul Michael,Paul Michael@test.com,39,Kasoa,5346586953,6000,false,14,37,true,bBcsNDkmQYlLwKwFVdAAGmuHu,true,Ghanaian,fGCNMILfiYekDVZefWpaFeKrx,Male,GHA5702119685,8982900,31,East Legon,6638940518,Fidelity Bank,Paul Michael,7110101037548136108,Vodafone,5901015599,2500,false,96,hhUknfAuvartKaIfcIeOGhFaO,32,24,37,8,5000,5000,4.414865,89
85,Barbara Donald,Barbara Donald@test.com,56,Weija,0191978103,1000,false,75,46,true,skvXykNcnNRkmeDlNsGfZyGwE,false,Ghanaian,MuvxQEPNdaZgeWhbvAfRYhKRo,Female,GHA9100797838,2278329,13,Tema,5230038655,ABSA,Barbara Donald,311623320291633,Mtn,6785657390,3000,false,78,TLIfnQmbkQKvcBdWJruOREfMi,20,6,71,57,2500,7000,52.347271,57
85,Thomas Jennifer,Thomas Jennifer@test.com,2,Kasoa,1820620196,9500,true,30,84,true,rwcAcCjFTaFbqofdFHThZkGcP,false,Nigerian,RKCgQjnjpwamnRUSEZVCovRdm,Male,GHA6516931788,3007629,92,Legon,6477285039,EcoBank,Thomas Jennifer,7128912104391013943,AT,8874421657,4000,false,87,DbrTshCXiJItthNJHsdVnmOVR,43,9,34,47,5500,6000,75.615936,55
36,Donald Steven,Donald Steven@test.com,88,Legon,3473738061,10000,true,15,77,true,KKekqWbxoYbRqfeKgKtijHVoO,true,Ghanaian,FvjvdnjbwkittqjquivKGHOfp,Male,GHA2185626614,5198709,36,Kasoa,7581797337,Fidelity Bank,Donald Steven,10133111142322697,AT,0185092320,4000,true,56,sYhhyuxbNhEyCtNFYVDUCQjjl,92,23,31,22,5500,4500,7.606973,81
88,Patricia Jennifer,Patricia Jennifer@test.com,22,Weija,6872067121,3000,false,83,6,false,HNvdqGTsfjRxgXWqOXHAbTbRB,true,Nigerian,NJDEXOvMJfifGVyqbbvfWQUdj,Male,GHA4899756428,4557673,93,Legon,1307633650,ABSA,Patricia Jennifer,10611586774132463,Vodafone,4358685248,3000,false,90,YfaJauDbyTgSJeRAfOfCOHRdW,60,11,42,96,750,9000,22.775124,92
44,Robert John,Robert John@test.com,8,Legon,2635838721,3500,true,18,31,false,SotELMPZhbIcKkTGfSNMGeBfo,true,Ghanaian,LxBHDYLyGPkQQfoJxGxNnCtUu,Female,GHA4871078570,8097918,5,East Legon,2192604904,Stanbic Bank,Robert John,7100461313311541003,Vodafone,4296817810,6000,false,14,LQpAIKUFjKEeFEGtaPUedUKVW,36,63,61,43,3000,1500,40.404087,12
51,Kenneth Michael,Kenneth Michael@test.com,7,Kasoa,7690024324,1000,true,50,25,true,iHWmZrscrcaIupPVEVWdLRwJv,false,Nigerian,omFJbionxmLgAQkPQsVabvQSx,Male,GHA8187345176,9952823,37,Tema,5095646880,Fidelity Bank,Kenneth Michael,81207932137978313,Vodafone,6371174482,10000,false,70,QvHYwqvFLxIhduCWIZAfCyoEF,78,42,53,64,9500,6000,66.626518,40
90,Paul William,Paul William@test.com,58,Tema,9152956356,5500,true,39,93,false,CvqMFEWXNRVvkDFqoQwauIXre,true,Nigerian,ycainLqIyGSyGpHwJFEoWKvGX,Male,GHA5218236366,5197597,94,East Legon,6832891306,Stanbic Bank,Paul William,2130410313713325213,Vodafone,3146296432,900,false,3,vsxPqXPWlFVBLEtohYbUTbGQm,86,69,34,36,3000,2000,1.871092,73
47,Kenneth Mark,Kenneth Mark@test.com,88,East Legon,6206097491,6000,true,23,92,false,WfrAsPuyJeOuvXKQOaakuebqJ,true,Ghanaian,CYIcPUWtcnjxQScVryjChyYiJ,Female,GHA8796891943,6192462,51,Legon,4753960149,Stanbic Bank,Kenneth Mark,34912121084720632,Mtn,6989494340,2000,false,32,fvSwDJvZSEHgmmcduhViGfBIQ,94,29,68,56,1000,5000,72.831482,31
70,Robert Patricia,Robert Patricia@test.com,61,Kasoa,7482738131,2500,false,31,39,false,drccLdYoFNaTwkdeDVjtUXJYD,true,Ghanaian,AGJvoTPgQVpRwjulmtwYeoQjL,Female,GHA8885113677,9364347,75,Kasoa,8654461191,Standard Chartered,Robert Patricia,1112360654111013412,AT,8443370576,7500,true,92,opskKvapcAIkQIfHmxJCKGTPZ,78,62,87,80,2500,1000,4.300445,1
41,Donald Andrew,Donald Andrew@test.com,44,Legon,8552833815,5000,true,90,51,true,QvaEMsPcLbskAfXuWKjnRFYHb,true,Nigerian,bKOjiSKPByawUDXFMjunOcose,Male,GHA1599451279,5377902,62,Kasoa,2037992693,ABSA,Donald Andrew,1214121271311159136,AT,6464392565,7000,false,82,FpbWlPXDACpjINturbZGXewxl,26,52,29,54,3500,6500,51.923412,47
44,Barbara Mary,Barbara Mary@test.com,13,Weija,2036475757,10000,false,86,18,false,jIogFTClchCJvHbmTFjIqXrTC,true,Nigerian,xWcfFlmOiNdXnOXQPsLRQmeFf,Male,GHA1618321025,0376256,35,Legon,8109886013,Stanbic Bank,Barbara Mary,101224311161207515,AT,8528881012,750,true,99,UKEILjjitxfjCiTJmkvaMFLMK,31,41,65,56,900,10000,92.068344,74
28,Paul Kenneth,Paul Kenneth@test.com,65,East Legon,0176554377,900,true,73,92,true,YmbPRdujSIoLnTLsDgITLLTYB,false,Nigerian,PBTspvSpyTaTHACdeIRsPCKie,Female,GHA1341388190,3485022,99,Weija,4939140386,Fidelity Bank,Paul Kenneth,55863319976456,Mtn,0875547477,2500,true,60,pXeHuYFAgeEfkKuyYwpqsYjaY,68,83,19,55,5000,4500,24.226780,81
71,Matthew Kenneth,Matthew Kenneth@test.com,66,East Legon,1964391447,9500,true,91,62,true,mvhiqTDBefcKVbwkRFaNCRQFI,false,Ghanaian,wkZCQwkDKpOchifVhDXUtEgkJ,Female,GHA4345107347,3305658,25,East Legon,6387218836,ABSA,Matthew Kenneth,4113177010841112912,Vodafone,8634250539,4000,false,24,OLoVSJktpQePxKudnCwjPqOWQ,89,71,61,30,8500,8500,27.267195,64
76,Paul David,Paul David@test.com,76,East Legon,4589456930,10000,false,98,6,false,MhltRDXgGIWncsXBosWaULJCw,true,Ghanaian,nHRuwVrOxSiGRqpwNMdUnttyi,Female,GHA8594008333,1140469,39,Weija,3786193591,EcoBank,Paul David,803121384101256725,AT,3971355385,9000,false,50,ydwijTwZhNlhxjnVGVmrtplpH,35,34,78,92,8500,3000,31.697126,13
29,Linda Mark,Linda Mark@test.com,63,Tema,8179003218,6500,true,23,9,true,gucipBMhNNmCepaTnDKLvsbdm,true,Ghanaian,rRmNsoBFNiaIXbdFmMEDRZafV,Female,GHA4163781131,2162362,0,East Legon,4844987547,Stanbic Bank,Linda Mark,1228710757712110512,AT,9260215879,5500,false,87,SRuJxviPRaxgNfGwqRCPvrGvj,87,23,83,49,6500,3000,25.971050,79
98,Barbara Mary,Barbara Mary@test.com,45,Weija,5528539192,4000,false,70,87,false,SwBaAsWYNXCEkiwcGtuJKPTku,true,Nigerian,uqpGLruVOpROdnqOHJcFtZdlJ,Female,GHA3693107777,9190094,90,Kasoa,4681525836,ABSA,Barbara Mary,213975111351251270,AT,8821076539,10000,false,43,FVJjWKpOVpLvbHgpvRZjRdbqi,24,81,93,93,9500,7000,61.658401,11
2,Richard Charles,Richard Charles@test.com,31,Kasoa,6578728766,6000,true,3,9,true,TtQDrseygAboNOMLeeftoFowk,true,Ghanaian,WgysvwtQBjeSgNYOBSnUOKbZB,Female,GHA6999073709,9928179,32,Kasoa,0957948138,EcoBank,Richard Charles,1013412101174121110913,AT,0289311404,9500,false,22,aifjDZsShGJkPCJICFbERDdqc,71,37,44,40,1000,8500,16.213860,26
88,Kenneth Jennifer,Kenneth Jennifer@test.com,73,Tema,0823574387,2000,false,17,69,true,uVMoMgoMSxFQFLRWDxDFSDMia,false,Ghanaian,SqZCefGAExlRlpLDBqrOJyuPA,Female,GHA4450045745,2722064,52,Weija,0596699071,ABSA,Kenneth Jennifer,104154401121210114,Vodafone,9853130868,2500,true,58,sRCfpKgwXvOvvdTnrQMAUaCpg,46,31,90,17,1500,2000,91.977684,46
98,Steven Andrew,Steven Andrew@test.com,1,Kasoa,1982054024,8500,false,88,78,true,GhJqeLVlBIYaXubJgWrSqnVmJ,false,Nigerian,eoaaWnIrRHnBdHffZaqabRLpT,Female,GHA7320465439,4746366,7,East Legon,1475079000,Fidelity Bank,Steven Andrew,1248107630936840,Mtn,8470751550,7000,false,4,nuXYxEdcoidqsYCrDKAlyMcfB,3,82,67,3,5000,900,98.225380,29
34,Matthew Mark,Matthew Mark@test.com,44,Legon,9092278470,900,false,47,16,true,gZfxfwGeISOClwaIqCDPQamCK,true,Ghanaian,xaJklfLNRGGrjIcbaAjREkWqy,Male,GHA7450710430,7120245,42,Weija,3187548461,Fidelity Bank,Matthew Mark,212713119231138228,AT,1437847623,7000,true,85,yKPePSNYVlNUZDhklVZNCvXwA,75,78,68,86,6500,750,13.904152,88
2,Christopher James,Christopher James@test.com,99,Legon,5303057105,2500,false,73,78,false,IYZYiIaVJfUyjtOuZucaSLxgx,true,Nigerian,yncbsJuxTGukuDjHAeuZDXftT,Male,GHA0208723115,6894456,16,Kasoa,2651320803,EcoBank,Christopher James,27112133212100986,Mtn,4325865148,5500,true,84,iESIqBfikajmrCJIXYISGuMoJ,58,16,96,19,750,10000,64.254906,88
92,Joseph Susan,Joseph Susan@test.com,26,Weija,4165804908,9500,true,16,35,true,aNESgFTXqJDDZCRrCXbOJOIbk,true,Nigerian,LXsylgtyqpStIMVkTBMtHopZY,Female,GHA5189453253,6731555,66,Kasoa,4919119260,Fidelity Bank,Joseph Susan,6819112512213412713,AT,1122644578,8000,false,97,UIvbffYUcNyRATIvsKWaATyGJ,41,76,40,53,10000,7500,59.869389,71
75,Michael David,Michael David@test.com,88,Tema,8962130707,5500,true,30,23,true,AYTTMFQoHJNepEYYxCRKBabBA,true,Ghanaian,lUbcfVgMJtYXftinWkCFJdiLL,Male,GHA3420221145,1333534,99,Tema,5848066263,Fidelity Bank,Michael David,271065913121110411,AT,6571664420,5000,false,37,ktgSqIQrAaQHgYmsJlkuOxFIV,71,0,33,82,9500,10000,27.532934,84
25,Mark Matthew,Mark Matthew@test.com,9,Weija,7885895973,4500,true,91,70,true,SsUaCZhMNjexPNEsUVxDAPvRg,false,Ghanaian,oPsZbPrZGPcXEKljHAaLOvrRh,Male,GHA2129445495,5451606,17,East Legon,7405214926,Fidelity Bank,Mark Matthew,854261121010601128,Mtn,8781254850,750,true,87,pJDRwxPFbKwJxjPcCdnQNPqgV,94,26,74,4,8500,7500,25.970715,35
91,Christopher Mark,Christopher Mark@test.com,64,Legon,6211061361,900,true,65,2,true,gYpawTvBtKywhaJvkvcVDxLlI,true,Nigerian,odAJQKUuWmELUAqGVFyBGcckE,Female,GHA4856785933,6262170,77,Legon,2776333534,Standard Chartered,Christopher Mark,84111665121812693,Mtn,1149239678,7500,true,34,eqbEIXpFIsxXHoIIOZkSoXqVj,56,7,67,4,9500,9500,55.555637,20
38,Anthony Paul,Anthony Paul@test.com,52,Kasoa,4043718930,7500,true,18,67,false,HLjsHHdhHvVLUXYpwmBDVHjYG,true,Nigerian,YXJjQGWMFuoMAYnLTUYirvSSB,Female,GHA2933399360,3426240,82,Tema,8416457215,EcoBank,Anthony Paul,3114439821210131121,Mtn,1120553815,2500,false,60,XELUiNmLvYXPVYfPnxnEAZHuR,38,36,38,30,2500,5500,11.246589,44
36,Andrew Mary,Andrew Mary@test.com,70,Tema,1341415794,2000,false,20,43,true,puShfXDYoueJPUNuseJQkQepj,false,Ghanaian,DIYwmhbmYwYHaJKunnyfXoSmu,Male,GHA9114621716,9758096,14,Tema,2167415252,EcoBank,Andrew Mary,2013111351211340549,Mtn,6947584965,1000,false,69,khJWtpXIgAsKFadnwPMykUZka,93,90,11,23,6000,750,47.996433,40
11,Robert Daniel,Robert Daniel@test.com,52,Legon,6483245379,9500,false,78,84,false,hOMAbNVLgugSCesedxZPRsxXf,false,Ghanaian,iPhVdcTgsMFkTReafAkTeGGXI,Male,GHA3009025363,1321378,27,Kasoa,4599975733,Stanbic Bank,Robert Daniel,1119341213431109511,Mtn,9899934446,8500,false,88,KTSFmHSwgQCjHmnWtRSmPwaVy,28,40,32,2,2500,10000,17.743582,27
53,Paul Charles,Paul Charles@test.com,80,Tema,2513630184,900,true,75,84,true,whdwHKvOcJUjMZJTVuQcMnYdk,true,Ghanaian,kpuUxMGOblnMElgryQLPrlJtM,Female,GHA5773939757,3242629,86,Legon,4375597404,Fidelity Bank,Paul Charles,12634751046624210,AT,6572857603,4500,false,6,qTmjmeXpsjmdEqxBAxMbQJdYg,47,31,52,19,750,900,28.230108,89
58,Robert Daniel,Robert Daniel@test.com,28,Weija,8461272695,4000,false,92,4,true,JjVlZGoujvsIAqQmDKIgFalHK,false,Nigerian,vGXtbyZgpLmHfoFsmWTcnkKtr,Male,GHA9958782773,5127232,97,Kasoa,3063660242,Standard Chartered,Robert Daniel,101110651112132515,AT,4934833751,6000,false,42,dwFFOxYWWNXFCwUNUfhaQxGkv,43,34,1,79,900,8500,60.007195,89
81,William David,William David@test.com,76,Weija,4810088817,1500,true,77,70,false,wbEjsHHtCtBAPfYcqHNMVGMhf,true,Ghanaian,bwuKWWoOXRxGIIIuhHAKJWhAX,Male,GHA9213032260,8717216,41,Weija,2184764467,Stanbic Bank,William David,72947102812108812,AT,9226198624,6000,true,71,QZCPOUGXuFMEgAonPjFjvTtWD,40,34,82,15,3000,1000,6.636642,38
81,Donald Jennifer,Donald Jennifer@test.com,13,Kasoa,2630006421,1500,true,35,30,true,fYoyuvXWYviYKogNlbJJZPVuA,true,Ghanaian,JjFZGtfLpNxbJteDubjpObhPG,Female,GHA6300680568,0492549,60,Weija,7317311298,Standard Chartered,Donald Jennifer,32482133113134088,AT,5879155289,750,true,4,OnUCHairPcMywnxUECYHWZYWP,64,25,35,5,6000,9000,9.907129,78
39,Patricia David,Patricia David@test.com,66,Tema,0888649358,7000,false,52,43,false,VwWbuylWYVAJuCSGWRnaOtarP,true,Ghanaian,OprQWSDtcXSTIHFlwFMLunftK,Female,GHA6518869115,8889486,28,Tema,4728127869,ABSA,Patricia David,25011611357181318,Vodafone,1541839830,2000,false,16,OLBFkKOTktvYuvqULgQRFFSwg,85,66,76,9,750,8000,96.886841,5
52,Donald John,Donald John@test.com,81,Tema,1009691187,4000,false,58,92,true,PLFAqpWlmydbVARfObgwGiRqN,true,Ghanaian,WRCsVCiknqodDSuSEmAfdOnfR,Male,GHA3983764903,4817779,76,East Legon,6436692924,Fidelity Bank,Donald John,889101213813938390,AT,2035619755,5500,false,47,qxuQgekkyYbsYMfBedUPKbYTd,0,61,41,12,9000,10000,70.082588,49
24,Michael Kenneth,Michael Kenneth@test.com,94,Kasoa,8583588344,1000,true,52,34,false,lblXjqPSTuGqZweCAAhuyLWky,true,Ghanaian,VYLUySOPrwAaYVThlfUYhMQVd,Female,GHA2435323424,7312727,47,Tema,0182777856,Standard Chartered,Michael Kenneth,1351310238103604,Vodafone,0946566225,3500,true,66,AhcGpJWZRGGVSpdEKAiVAhsHx,51,50,98,42,2000,750,31.931805,21
36,Richard Kenneth,Richard Kenneth@test.com,11,Weija,2249933556,8000,true,85,74,false,KrkySMnrZwwtudpFafbHyFarQ,false,Ghanaian,TpxDCdAlVyfNfPIJOuwxygnSj,Female,GHA8519795789,3579572,98,Weija,9244789854,Fidelity Bank,Richard Kenneth,61210138411013213247,Vodafone,0390171979,4000,true,95,SvOFHevXCMWTdaFDZOVptoukx,22,16,14,74,6500,10000,49.335175,19
45,Barbara Susan,Barbara Susan@test.com,19,Legon,5350284088,7500,false,52,47,false,NeuZtRJUWMYTQGqwEEGDbmNbh,true,Ghanaian,ZNJyKVuEJOxFgYEsVhrrVfTtm,Male,GHA9057368188,8428221,47,Legon,6578519390,EcoBank,Barbara Susan,1813131213118696209,Mtn,0558443921,7000,true,61,xLmmmigoQOxlHPFCysjWTcOGI,3,3,38,69,3000,5500,46.805561,19
22,Matthew Steven,Matthew Steven@test.com,77,Legon,7970910497,4500,false,42,4,false,knaytSpfGFWuFFWxThpaGlLcs,true,Ghanaian,hHHnunrySGtfhEWsbBeItujsv,Female,GHA6493220468,4645427,36,Legon,8071707156,ABSA,Matthew Steven,312360131191373760,AT,9820170126,900,true,68,mIGtrfZhYGcncDuRDTTsYoLLt,37,82,75,91,7000,3500,72.029610,91
98,William William,William William@test.com,25,East Legon,0518428462,1000,true,31,6,false,FZkqoKapXtpFQHZaCsaOiouyY,true,Nigerian,tNBwLXQkkftHCMZVvOJYZWiqd,Female,GHA5733757910,9634455,61,East Legon,1804488195,ABSA,William William,129122234112115031,AT,1758740748,5000,false,49,MKXRPPYsBkcrplqtErlHpxBbw,52,33,63,12,8500,1500,0.420059,62
1,Susan Steven,Susan Steven@test.com,36,Legon,2816712158,4000,false,25,59,false,GgLNtMJUYuXlbMrtFPhYkigkm,true,Nigerian,tUwALorJuZERUNrwfTjthWmGv,Female,GHA7147919771,9506904,16,Tema,9693337928,Stanbic Bank,Susan Steven,13861012413831215411,AT,8712908013,5000,false,13,GSGgWboRGguegZvaiZvbgDyKY,76,22,39,29,7500,4500,54.414356,70
61,Michael Daniel,Michael Daniel@test.com,3,Kasoa,4307979879,5000,true,48,36,false,vZTMFRODiaYeeEIbPIstPDGio,true,Nigerian,hauWotcgCNFFfWGqhheMHUoRg,Male,GHA8565129307,5605940,0,Tema,7204655861,Fidelity Bank,Michael Daniel,3664132101012133264,Vodafone,4844878627,8000,false,39,UNZZSHFBffCoTdXVjHTMssQeo,5,88,53,49,2500,5500,99.357964,12
